muni,2010fips,sqmi,Id,2010fips,Geography,population,popden
Aberdeen Township,3402500070,5.65,0600000US3402500070,3402500070,"Aberdeen township, Monmouth County, New Jersey",18372,3252
Absecon City,3400100100,7.22,0600000US3400100100,3400100100,"Absecon city, Atlantic County, New Jersey",8370,1159
Alexandria Township,3401900550,27.74,0600000US3401900550,3401900550,"Alexandria township, Hunterdon County, New Jersey",4819,174
Allamuchy Township,3404100670,20.27,0600000US3404100670,3404100670,"Allamuchy township, Warren County, New Jersey",4559,225
Allendale Borough,3400300700,3.11,0600000US3400300700,3400300700,"Allendale borough, Bergen County, New Jersey",6820,2193
Allenhurst Borough,3402500730,0.26,0600000US3402500730,3402500730,"Allenhurst borough, Monmouth County, New Jersey",506,1946
Allentown Borough,3402500760,0.61,0600000US3402500760,3402500760,"Allentown borough, Monmouth County, New Jersey",1890,3098
Alloway Township,3403300880,33.91,0600000US3403300880,3403300880,"Alloway township, Salem County, New Jersey",3362,99
Alpha Borough,3404101030,1.71,0600000US3404101030,3404101030,"Alpha borough, Warren County, New Jersey",2225,1301
Alpine Borough,3400301090,6.39,0600000US3400301090,3400301090,"Alpine borough, Bergen County, New Jersey",1481,232
Andover Borough,3403701330,1.36,0600000US3403701330,3403701330,"Andover borough, Sussex County, New Jersey",604,444
Andover Township,3403701360,20.75,0600000US3403701360,3403701360,"Andover township, Sussex County, New Jersey",6052,292
Asbury Park City,3402501960,1.52,0600000US3402501960,3402501960,"Asbury Park city, Monmouth County, New Jersey",15830,10414
Atlantic City,3400102080,15.9,0600000US3400102080,3400102080,"Atlantic City city, Atlantic County, New Jersey",39075,2458
Atlantic Highlands Borough,3402502110,1.23,0600000US3402502110,3402502110,"Atlantic Highlands borough, Monmouth County, New Jersey",4322,3514
Audubon Borough,3400702200,1.49,0600000US3400702200,3400702200,"Audubon borough, Camden County, New Jersey",8736,5863
Audubon Park Borough,3400702230,0.16,0600000US3400702230,3400702230,"Audubon Park borough, Camden County, New Jersey",951,5944
Avalon Borough,3400902320,4.96,0600000US3400902320,3400902320,"Avalon borough, Cape May County, New Jersey",1424,287
Avon-by-the-Sea Borough,3402502440,0.49,0600000US3402502440,3402502440,"Avon-by-the-Sea borough, Monmouth County, New Jersey",1814,3702
Barnegat Light Borough,3402903130,1.26,0600000US3402903130,3402903130,"Barnegat Light borough, Ocean County, New Jersey",494,392
Barnegat Township,3402903050,40.27,0600000US3402903050,3402903050,"Barnegat township, Ocean County, New Jersey",22141,550
Barrington Borough,3400703250,1.57,0600000US3400703250,3400703250,"Barrington borough, Camden County, New Jersey",6811,4338
Bass River Township,3400503370,78.34,0600000US3400503370,3400503370,"Bass River township, Burlington County, New Jersey",1453,19
Bay Head Borough,3402903520,0.74,0600000US3402903520,3402903520,"Bay Head borough, Ocean County, New Jersey",1011,1366
Bayonne City,3401703580,7.68,0600000US3401703580,3401703580,"Bayonne city, Hudson County, New Jersey",66719,8687
Beach Haven Borough,3402903940,2.33,0600000US3402903940,3402903940,"Beach Haven borough, Ocean County, New Jersey",1102,473
Beachwood Borough,3402904180,2.77,0600000US3402904180,3402904180,"Beachwood borough, Ocean County, New Jersey",11193,4041
Bedminster Township,3403504450,26.36,0600000US3403504450,3403504450,"Bedminster township, Somerset County, New Jersey",8244,313
Belleville Township,3401304695,3.36,0600000US3401304695,3401304695,"Belleville township, Essex County, New Jersey",36383,10828
Bellmawr Borough,3400704750,3.09,0600000US3400704750,3400704750,"Bellmawr borough, Camden County, New Jersey",11482,3716
Belmar Borough,3402504930,1.48,0600000US3402504930,3402504930,"Belmar borough, Monmouth County, New Jersey",5719,3864
Belvidere Town,3404104990,1.48,0600000US3404104990,3404104990,"Belvidere town, Warren County, New Jersey",2619,1770
Bergenfield Borough,3400305170,2.9,0600000US3400305170,3400305170,"Bergenfield borough, Bergen County, New Jersey",27694,9550
Berkeley Heights Township,3403905320,6.25,0600000US3403905320,3403905320,"Berkeley Heights township, Union County, New Jersey",13576,2172
Berkeley Township,3402905305,54.14,0600000US3402905305,3402905305,"Berkeley township, Ocean County, New Jersey",41676,770
Berlin Borough,3400705440,3.61,0600000US3400705440,3400705440,"Berlin borough, Camden County, New Jersey",7612,2109
Berlin Township,3400705470,3.33,0600000US3400705470,3400705470,"Berlin township, Camden County, New Jersey",5453,1638
Bernards Township,3403505560,24.33,0600000US3403505560,3403505560,"Bernards township, Somerset County, New Jersey",27032,1111
Bernardsville Borough,3403505590,12.91,0600000US3403505590,3403505590,"Bernardsville borough, Somerset County, New Jersey",7792,604
Bethlehem Township,3401905650,20.76,0600000US3401905650,3401905650,"Bethlehem township, Hunterdon County, New Jersey",3915,189
Beverly City,3400505740,0.76,0600000US3400505740,3400505740,"Beverly city, Burlington County, New Jersey",2520,3316
Blairstown Township,3404106160,30.76,0600000US3404106160,3404106160,"Blairstown township, Warren County, New Jersey",5833,190
Bloomfield Township,3401306260,5.36,0600000US3401306260,3401306260,"Bloomfield township, Essex County, New Jersey",48892,9122
Bloomingdale Borough,3403106340,9.24,0600000US3403106340,3403106340,"Bloomingdale borough, Passaic County, New Jersey",8139,881
Bloomsbury Borough,3401906370,0.98,0600000US3401906370,3401906370,"Bloomsbury borough, Hunterdon County, New Jersey",752,767
Bogota Borough,3400306490,0.79,0600000US3400306490,3400306490,"Bogota borough, Bergen County, New Jersey",8437,10680
Boonton Town,3402706610,2.48,0600000US3402706610,3402706610,"Boonton town, Morris County, New Jersey",8390,3383
Boonton Township,3402706640,8.49,0600000US3402706640,3402706640,"Boonton township, Morris County, New Jersey",4353,513
Bordentown City,3400506670,0.96,0600000US3400506670,3400506670,"Bordentown city, Burlington County, New Jersey",3872,4033
Bordentown Township,3400506700,9.26,0600000US3400506700,3400506700,"Bordentown township, Burlington County, New Jersey",11808,1275
Bound Brook Borough,3403506790,1.69,0600000US3403506790,3403506790,"Bound Brook borough, Somerset County, New Jersey",10510,6219
Bradley Beach Borough,3402506970,0.64,0600000US3402506970,3402506970,"Bradley Beach borough, Monmouth County, New Jersey",4262,6659
Branchburg Township,3403507180,20.26,0600000US3403507180,3403507180,"Branchburg township, Somerset County, New Jersey",14683,725
Branchville Borough,3403707300,0.59,0600000US3403707300,3403707300,"Branchville borough, Sussex County, New Jersey",920,1559
Brick Township,3402907420,32.41,0600000US3402907420,3402907420,"Brick township, Ocean County, New Jersey",75118,2318
Bridgeton City,3401107600,6.49,0600000US3401107600,3401107600,"Bridgeton city, Cumberland County, New Jersey",24948,3844
Bridgewater Township,3403507720,32.34,0600000US3403507720,3403507720,"Bridgewater township, Somerset County, New Jersey",45336,1402
Brielle Borough,3402507750,2.25,0600000US3402507750,3402507750,"Brielle borough, Monmouth County, New Jersey",4738,2106
Brigantine City,3400107810,10.7,0600000US3400107810,3400107810,"Brigantine city, Atlantic County, New Jersey",9164,856
Brooklawn Borough,3400708170,0.53,0600000US3400708170,3400708170,"Brooklawn borough, Camden County, New Jersey",2006,3785
Buena Borough,3400108680,7.57,0600000US3400108680,3400108680,"Buena borough, Atlantic County, New Jersey",4510,596
Buena Vista Township,3400108710,41.57,0600000US3400108710,3400108710,"Buena Vista township, Atlantic County, New Jersey",7488,180
Burlington City,3400508920,3.77,0600000US3400508920,3400508920,"Burlington city, Burlington County, New Jersey",9835,2609
Burlington Township,3400508950,14.07,0600000US3400508950,3400508950,"Burlington township, Burlington County, New Jersey",22713,1614
Butler Borough,3402709040,2.06,0600000US3402709040,3402709040,"Butler borough, Morris County, New Jersey",7780,3777
Byram Township,3403709160,22.71,0600000US3403709160,3403709160,"Byram township, Sussex County, New Jersey",8076,356
Caldwell Borough,3401309250,1.18,0600000US3401309250,3401309250,"Caldwell borough, Essex County, New Jersey",8032,6807
Califon Borough,3401909280,0.98,0600000US3401909280,3401909280,"Califon borough, Hunterdon County, New Jersey",1259,1285
Camden City,3400710000,10.46,0600000US3400710000,3400710000,"Camden city, Camden County, New Jersey",75550,7223
Cape May City,3400910270,2.88,0600000US3400910270,3400910270,"Cape May city, Cape May County, New Jersey",3500,1215
Cape May Point Borough,3400910330,0.3,0600000US3400910330,3400910330,"Cape May Point borough, Cape May County, New Jersey",204,680
Carlstadt Borough,3400310480,4.2,0600000US3400310480,3400310480,"Carlstadt borough, Bergen County, New Jersey",6268,1492
Carneys Point Township,3403310610,17.71,0600000US3403310610,3403310610,"Carneys Point township, Salem County, New Jersey",7794,440
Carteret Borough,3402310750,4.5,0600000US3402310750,3402310750,"Carteret borough, Middlesex County, New Jersey",24040,5342
Cedar Grove Township,3401311200,4.36,0600000US3401311200,3401311200,"Cedar Grove township, Essex County, New Jersey",12638,2899
Chatham Borough,3402712100,2.39,0600000US3402712100,3402712100,"Chatham borough, Morris County, New Jersey",9003,3767
Chatham Township,3402712130,9.34,0600000US3402712130,3402712130,"Chatham township, Morris County, New Jersey",10507,1125
Cherry Hill Township,3400712280,24.17,0600000US3400712280,3400712280,"Cherry Hill township, Camden County, New Jersey",71204,2946
Chesilhurst Borough,3400712550,1.72,0600000US3400712550,3400712550,"Chesilhurst borough, Camden County, New Jersey",1647,958
Chester Borough,3402712580,1.59,0600000US3402712580,3402712580,"Chester borough, Morris County, New Jersey",1540,969
Chester Township,3402712610,29.21,0600000US3402712610,3402712610,"Chester township, Morris County, New Jersey",7931,272
Chesterfield Township,3400512670,21.46,0600000US3400512670,3400512670,"Chesterfield township, Burlington County, New Jersey",7616,355
Cinnaminson Township,3400512940,7.95,0600000US3400512940,3400512940,"Cinnaminson township, Burlington County, New Jersey",16528,2079
City of Orange Township,3401313045,2.21,0600000US3401313045,3401313045,"City of Orange township, Essex County, New Jersey",30731,13905
Clark Township,3403913150,4.45,0600000US3403913150,3403913150,"Clark township, Union County, New Jersey",15607,3507
Clayton Borough,3401513360,7.25,0600000US3401513360,3401513360,"Clayton borough, Gloucester County, New Jersey",8475,1169
Clementon Borough,3400713420,1.95,0600000US3400713420,3400713420,"Clementon borough, Camden County, New Jersey",4933,2530
Cliffside Park Borough,3400313570,0.95,0600000US3400313570,3400313570,"Cliffside Park borough, Bergen County, New Jersey",24861,26169
Clifton City,3403113690,11.43,0600000US3403113690,3403113690,"Clifton city, Passaic County, New Jersey",86207,7542
Clinton Town,3401913720,1.43,0600000US3401913720,3401913720,"Clinton town, Hunterdon County, New Jersey",2690,1881
Clinton Township,3401913750,33.91,0600000US3401913750,3401913750,"Clinton township, Hunterdon County, New Jersey",13067,385
Closter Borough,3400313810,3.29,0600000US3400313810,3400313810,"Closter borough, Bergen County, New Jersey",8710,2647
Collingswood Borough,3400714260,1.93,0600000US3400714260,3400714260,"Collingswood borough, Camden County, New Jersey",13969,7238
Colts Neck Township,3402514560,31.75,0600000US3402514560,3402514560,"Colts Neck township, Monmouth County, New Jersey",10018,316
Commercial Township,3401114710,34.1,0600000US3401114710,3401114710,"Commercial township, Cumberland County, New Jersey",5080,149
Corbin City,3400115160,8.97,0600000US3400115160,3400115160,"Corbin City city, Atlantic County, New Jersey",497,55
Cranbury Township,3402315550,13.43,0600000US3402315550,3402315550,"Cranbury township, Middlesex County, New Jersey",3844,286
Cranford Township,3403915640,4.87,0600000US3403915640,3403915640,"Cranford township, Union County, New Jersey",23972,4922
Cresskill Borough,3400315820,2.07,0600000US3400315820,3400315820,"Cresskill borough, Bergen County, New Jersey",8811,4257
Deal Borough,3402516660,1.2,0600000US3402516660,3402516660,"Deal borough, Monmouth County, New Jersey",579,483
Deerfield Township,3401116900,16.87,0600000US3401116900,3401116900,"Deerfield township, Cumberland County, New Jersey",3104,184
Delanco Township,3400517080,3.42,0600000US3400517080,3400517080,"Delanco township, Burlington County, New Jersey",4503,1317
Delaware Township,3401917170,37.03,0600000US3401917170,3401917170,"Delaware township, Hunterdon County, New Jersey",4496,121
Delran Township,3400517440,7.25,0600000US3400517440,3400517440,"Delran township, Burlington County, New Jersey",16747,2310
Demarest Borough,3400317530,2.07,0600000US3400317530,3400317530,"Demarest borough, Bergen County, New Jersey",5031,2430
Dennis Township,3400917560,63.78,0600000US3400917560,3400917560,"Dennis township, Cape May County, New Jersey",6298,99
Denville Township,3402717650,12.73,0600000US3402717650,3402717650,"Denville township, Morris County, New Jersey",16822,1321
Deptford Township,3401517710,17.57,0600000US3401517710,3401517710,"Deptford township, Gloucester County, New Jersey",30556,1739
Dover Town,3402718070,2.72,0600000US3402718070,3402718070,"Dover town, Morris County, New Jersey",18307,6731
Downe Township,3401118220,53.2,0600000US3401118220,3401118220,"Downe township, Cumberland County, New Jersey",1580,30
Dumont Borough,3400318400,1.95,0600000US3400318400,3400318400,"Dumont borough, Bergen County, New Jersey",17882,9170
Dunellen Borough,3402318490,1.06,0600000US3402318490,3402318490,"Dunellen borough, Middlesex County, New Jersey",7392,6974
Eagleswood Township,3402918670,18.94,0600000US3402918670,3402918670,"Eagleswood township, Ocean County, New Jersey",1605,85
East Amwell Township,3401918820,28.55,0600000US3401918820,3401918820,"East Amwell township, Hunterdon County, New Jersey",3933,138
East Brunswick Township,3402319000,22.41,0600000US3402319000,3402319000,"East Brunswick township, Middlesex County, New Jersey",48673,2172
East Greenwich Township,3401519180,14.92,0600000US3401519180,3401519180,"East Greenwich township, Gloucester County, New Jersey",10320,692
East Hanover Township,3402719210,8.09,0600000US3402719210,3402719210,"East Hanover township, Morris County, New Jersey",11241,1389
East Newark Borough,3401719360,0.11,0600000US3401719360,3401719360,"East Newark borough, Hudson County, New Jersey",2725,24773
East Orange City,3401319390,3.92,0600000US3401319390,3401319390,"East Orange city, Essex County, New Jersey",65151,16620
East Rutherford Borough,3400319510,4.04,0600000US3400319510,3400319510,"East Rutherford borough, Bergen County, New Jersey",9433,2335
East Windsor Township,3402119780,15.65,0600000US3402119780,3402119780,"East Windsor township, Mercer County, New Jersey",27675,1768
Eastampton Township,3400518790,5.81,0600000US3400518790,3400518790,"Eastampton township, Burlington County, New Jersey",6003,1033
Eatontown Borough,3402519840,5.89,0600000US3402519840,3402519840,"Eatontown borough, Monmouth County, New Jersey",12258,2081
Edgewater Borough,3400320020,0.96,0600000US3400320020,3400320020,"Edgewater borough, Bergen County, New Jersey",12165,12672
Edgewater Park Township,3400520050,3.08,0600000US3400520050,3400520050,"Edgewater Park township, Burlington County, New Jersey",8799,2857
Edison Township,3402320230,30.64,0600000US3402320230,3402320230,"Edison township, Middlesex County, New Jersey",102304,3339
Egg Harbor City,3400120350,11.38,0600000US3400120350,3400120350,"Egg Harbor City city, Atlantic County, New Jersey",4222,371
Egg Harbor Township,3400120290,75.53,0600000US3400120290,3400120290,"Egg Harbor township, Atlantic County, New Jersey",43651,578
Elizabeth City,3403921000,13.91,0600000US3403921000,3403921000,"Elizabeth city, Union County, New Jersey",129363,9300
Elk Township,3401521060,19.32,0600000US3401521060,3401521060,"Elk township, Gloucester County, New Jersey",4123,213
Elmer Borough,3403321240,0.91,0600000US3403321240,3403321240,"Elmer borough, Salem County, New Jersey",1394,1532
Elmwood Park Borough,3400321300,2.73,0600000US3400321300,3400321300,"Elmwood Park borough, Bergen County, New Jersey",20293,7433
Elsinboro Township,3403321330,13.15,0600000US3403321330,3403321330,"Elsinboro township, Salem County, New Jersey",1165,89
Emerson Borough,3400321450,2.41,0600000US3400321450,3400321450,"Emerson borough, Bergen County, New Jersey",7668,3182
Englewood City,3400321480,4.94,0600000US3400321480,3400321480,"Englewood city, Bergen County, New Jersey",28509,5771
Englewood Cliffs Borough,3400321510,2.08,0600000US3400321510,3400321510,"Englewood Cliffs borough, Bergen County, New Jersey",5435,2613
Englishtown Borough,3402521570,0.59,0600000US3402521570,3402521570,"Englishtown borough, Monmouth County, New Jersey",2131,3612
Essex Fells Borough,3401321840,1.41,0600000US3401321840,3401321840,"Essex Fells borough, Essex County, New Jersey",2095,1486
Estell Manor City,3400121870,55.18,0600000US3400121870,3400121870,"Estell Manor city, Atlantic County, New Jersey",1742,32
Evesham Township,3400522110,29.58,0600000US3400522110,3400522110,"Evesham township, Burlington County, New Jersey",45489,1538
Ewing Township,3402122185,15.55,0600000US3402122185,3402122185,"Ewing township, Mercer County, New Jersey",36437,2343
Fair Haven Borough,3402522440,2.08,0600000US3402522440,3402522440,"Fair Haven borough, Monmouth County, New Jersey",6015,2892
Fair Lawn Borough,3400322470,5.21,0600000US3400322470,3400322470,"Fair Lawn borough, Bergen County, New Jersey",33447,6420
Fairfield Township,3401322385,10.34,0600000US3401322385,3401322385,"Fairfield township, Essex County, New Jersey",7671,742
Fairfield Township,3401122350,43.57,0600000US3401122350,3401122350,"Fairfield township, Cumberland County, New Jersey",6300,145
Fairview Borough,3400322560,0.84,0600000US3400322560,3400322560,"Fairview borough, Bergen County, New Jersey",14422,17169
Fanwood Borough,3403922860,1.33,0600000US3403922860,3403922860,"Fanwood borough, Union County, New Jersey",7648,5750
Far Hills Borough,3403522890,4.92,0600000US3403522890,3403522890,"Far Hills borough, Somerset County, New Jersey",887,180
Farmingdale Borough,3402522950,0.52,0600000US3402522950,3402522950,"Farmingdale borough, Monmouth County, New Jersey",1470,2827
Fieldsboro Borough,3400523250,0.35,0600000US3400523250,3400523250,"Fieldsboro borough, Burlington County, New Jersey",768,2194
Flemington Borough,3401923700,1.07,0600000US3401923700,3401923700,"Flemington borough, Hunterdon County, New Jersey",4650,4346
Florence Township,3400523850,10.23,0600000US3400523850,3400523850,"Florence township, Burlington County, New Jersey",12645,1236
Florham Park Borough,3402723910,7.56,0600000US3402723910,3402723910,"Florham Park borough, Morris County, New Jersey",11792,1560
Folsom Borough,3400123940,8.5,0600000US3400123940,3400123940,"Folsom borough, Atlantic County, New Jersey",1804,212
Fort Lee Borough,3400324420,2.5,0600000US3400324420,3400324420,"Fort Lee borough, Bergen County, New Jersey",37058,14823
Frankford Township,3403724810,35.29,0600000US3403724810,3403724810,"Frankford township, Sussex County, New Jersey",5399,153
Franklin Borough,3403724930,4.42,0600000US3403724930,3403724930,"Franklin borough, Sussex County, New Jersey",4849,1097
Franklin Lakes Borough,3400324990,9.87,0600000US3400324990,3400324990,"Franklin Lakes borough, Bergen County, New Jersey",10953,1110
Franklin Township,3403524900,46.87,0600000US3403524900,3403524900,"Franklin township, Somerset County, New Jersey",65999,1408
Franklin Township,3401524840,56.37,0600000US3401524840,3401524840,"Franklin township, Gloucester County, New Jersey",16579,294
Franklin Township,3401924870,23.17,0600000US3401924870,3401924870,"Franklin township, Hunterdon County, New Jersey",3234,140
Franklin Township,3404124960,23.51,0600000US3404124960,3404124960,"Franklin township, Warren County, New Jersey",3105,132
Fredon Township,3403725140,17.91,0600000US3403725140,3403725140,"Fredon township, Sussex County, New Jersey",3238,181
Freehold Borough,3402525200,1.93,0600000US3402525200,3402525200,"Freehold borough, Monmouth County, New Jersey",11938,6185
Freehold Township,3402525230,38.87,0600000US3402525230,3402525230,"Freehold township, Monmouth County, New Jersey",35429,911
Frelinghuysen Township,3404125320,23.86,0600000US3404125320,3404125320,"Frelinghuysen township, Warren County, New Jersey",2283,96
Frenchtown Borough,3401925350,1.22,0600000US3401925350,3401925350,"Frenchtown borough, Hunterdon County, New Jersey",1421,1165
Galloway Township,3400125560,111.28,0600000US3400125560,3400125560,"Galloway township, Atlantic County, New Jersey",37029,333
Garfield City,3400325770,2.19,0600000US3400325770,3400325770,"Garfield city, Bergen County, New Jersey",31808,14524
Garwood Borough,3403925800,0.64,0600000US3403925800,3403925800,"Garwood borough, Union County, New Jersey",4365,6820
Gibbsboro Borough,3400726070,2.19,0600000US3400726070,3400726070,"Gibbsboro borough, Camden County, New Jersey",2183,997
Glassboro Borough,3401526340,9.36,0600000US3401526340,3401526340,"Glassboro borough, Gloucester County, New Jersey",19387,2071
Glen Gardner Borough,3401926550,1.54,0600000US3401926550,3401926550,"Glen Gardner borough, Hunterdon County, New Jersey",1587,1031
Glen Ridge Borough,3401326610,1.27,0600000US3401326610,3401326610,"Glen Ridge borough, Essex County, New Jersey",7668,6038
Glen Rock Borough,3400326640,2.71,0600000US3400326640,3400326640,"Glen Rock borough, Bergen County, New Jersey",11962,4414
Gloucester City,3400726820,2.79,0600000US3400726820,3400726820,"Gloucester City city, Camden County, New Jersey",11333,4062
Gloucester Township,3400726760,23.28,0600000US3400726760,3400726760,"Gloucester township, Camden County, New Jersey",64034,2751
Green Brook Township,3403527510,4.4,0600000US3403527510,3403527510,"Green Brook township, Somerset County, New Jersey",7210,1639
Green Township,3403727420,16.29,0600000US3403727420,3403727420,"Green township, Sussex County, New Jersey",3511,216
Greenwich Township,3404128260,10.59,0600000US3404128260,3404128260,"Greenwich township, Warren County, New Jersey",5555,525
Greenwich Township,3401528185,11.69,0600000US3401528185,3401528185,"Greenwich township, Gloucester County, New Jersey",4861,416
Greenwich Township,3401128170,18.5,0600000US3401128170,3401128170,"Greenwich township, Cumberland County, New Jersey",893,48
Guttenberg Town,3401728650,0.19,0600000US3401728650,3401728650,"Guttenberg town, Hudson County, New Jersey",11733,61753
Hackensack City,3400328680,4.34,0600000US3400328680,3400328680,"Hackensack city, Bergen County, New Jersey",44673,10293
Hackettstown Town,3404128710,3.7,0600000US3404128710,3404128710,"Hackettstown town, Warren County, New Jersey",9569,2586
Haddon Heights Borough,3400728800,1.57,0600000US3400728800,3400728800,"Haddon Heights borough, Camden County, New Jersey",7530,4796
Haddon Township,3400728740,2.82,0600000US3400728740,3400728740,"Haddon township, Camden County, New Jersey",14612,5182
Haddonfield Borough,3400728770,2.84,0600000US3400728770,3400728770,"Haddonfield borough, Camden County, New Jersey",11428,4024
Hainesport Township,3400529010,6.78,0600000US3400529010,3400529010,"Hainesport township, Burlington County, New Jersey",6083,897
Haledon Borough,3403129070,1.21,0600000US3403129070,3403129070,"Haledon borough, Passaic County, New Jersey",8440,6975
Hamburg Borough,3403729220,1.16,0600000US3403729220,3403729220,"Hamburg borough, Sussex County, New Jersey",3172,2734
Hamilton Township,3402129310,40.23,0600000US3402129310,3402129310,"Hamilton township, Mercer County, New Jersey",89206,2217
Hamilton Township,3400129280,112.92,0600000US3400129280,3400129280,"Hamilton township, Atlantic County, New Jersey",26663,236
Hammonton Town,3400129430,41.31,0600000US3400129430,3400129430,"Hammonton town, Atlantic County, New Jersey",14557,352
Hampton Borough,3401929460,1.51,0600000US3401929460,3401929460,"Hampton borough, Hunterdon County, New Jersey",1286,852
Hampton Township,3403729490,25.47,0600000US3403729490,3403729490,"Hampton township, Sussex County, New Jersey",4959,195
Hanover Township,3402729550,10.74,0600000US3402729550,3402729550,"Hanover township, Morris County, New Jersey",14436,1344
Harding Township,3402729700,20.56,0600000US3402729700,3402729700,"Harding township, Morris County, New Jersey",3887,189
Hardwick Township,3404129820,38.98,0600000US3404129820,3404129820,"Hardwick township, Warren County, New Jersey",1559,40
Hardyston Township,3403729850,32.63,0600000US3403729850,3403729850,"Hardyston township, Sussex County, New Jersey",7964,244
Harmony Township,3404130090,24.08,0600000US3404130090,3404130090,"Harmony township, Warren County, New Jersey",2540,105
Harrington Park Borough,3400330150,2.06,0600000US3400330150,3400330150,"Harrington Park borough, Bergen County, New Jersey",4819,2339
Harrison Town,3401730210,1.32,0600000US3401730210,3401730210,"Harrison town, Hudson County, New Jersey",15898,12044
Harrison Township,3401530180,19.01,0600000US3401530180,3401530180,"Harrison township, Gloucester County, New Jersey",12884,678
Harvey Cedars Borough,3402930390,1.32,0600000US3402930390,3402930390,"Harvey Cedars borough, Ocean County, New Jersey",430,326
Hasbrouck Heights Borough,3400330420,1.53,0600000US3400330420,3400330420,"Hasbrouck Heights borough, Bergen County, New Jersey",12205,7977
Haworth Borough,3400330540,2.34,0600000US3400330540,3400330540,"Haworth borough, Bergen County, New Jersey",3473,1484
Hawthorne Borough,3403130570,3.36,0600000US3403130570,3403130570,"Hawthorne borough, Passaic County, New Jersey",19065,5674
Hazlet Township,3402530690,5.66,0600000US3402530690,3402530690,"Hazlet township, Monmouth County, New Jersey",20082,3548
Helmetta Borough,3402330840,0.87,0600000US3402330840,3402330840,"Helmetta borough, Middlesex County, New Jersey",2321,2668
Hi-Nella Borough,3400732220,0.22,0600000US3400732220,3400732220,"Hi-Nella borough, Camden County, New Jersey",861,3914
High Bridge Borough,3401931320,2.43,0600000US3401931320,3401931320,"High Bridge borough, Hunterdon County, New Jersey",3565,1467
Highland Park Borough,3402331470,1.82,0600000US3402331470,3402331470,"Highland Park borough, Middlesex County, New Jersey",14250,7830
Highlands Borough,3402531500,0.85,0600000US3402531500,3402531500,"Highlands borough, Monmouth County, New Jersey",4880,5741
Hightstown Borough,3402131620,1.26,0600000US3402131620,3402131620,"Hightstown borough, Mercer County, New Jersey",5527,4387
Hillsborough Township,3403531890,55.12,0600000US3403531890,3403531890,"Hillsborough township, Somerset County, New Jersey",39712,720
Hillsdale Borough,3400331920,2.93,0600000US3400331920,3400331920,"Hillsdale borough, Bergen County, New Jersey",10520,3590
Hillside Township,3403931980,2.78,0600000US3403931980,3403931980,"Hillside township, Union County, New Jersey",22069,7938
Ho-Ho-Kus Borough,3400332310,1.75,0600000US3400332310,3400332310,"Ho-Ho-Kus borough, Bergen County, New Jersey",4162,2378
Hoboken City,3401732250,1.23,0600000US3401732250,3401732250,"Hoboken city, Hudson County, New Jersey",54117,43998
Holland Township,3401932460,23.94,0600000US3401932460,3401932460,"Holland township, Hunterdon County, New Jersey",5201,217
Holmdel Township,3402532640,18.06,0600000US3402532640,3402532640,"Holmdel township, Monmouth County, New Jersey",16648,922
Hopatcong Borough,3403732910,12.41,0600000US3403732910,3403732910,"Hopatcong borough, Sussex County, New Jersey",14507,1169
Hope Township,3404133060,18.29,0600000US3404133060,3404133060,"Hope township, Warren County, New Jersey",1875,103
Hopewell Borough,3402133150,0.72,0600000US3402133150,3402133150,"Hopewell borough, Mercer County, New Jersey",1976,2744
Hopewell Township,3402133180,58.93,0600000US3402133180,3402133180,"Hopewell township, Mercer County, New Jersey",18503,314
Hopewell Township,3401133120,30.89,0600000US3401133120,3401133120,"Hopewell township, Cumberland County, New Jersey",4496,146
Howell Township,3402533300,61.17,0600000US3402533300,3402533300,"Howell township, Monmouth County, New Jersey",52076,851
Independence Township,3404133930,19.97,0600000US3404133930,3404133930,"Independence township, Warren County, New Jersey",5541,277
Interlaken Borough,3402534200,0.39,0600000US3402534200,3402534200,"Interlaken borough, Monmouth County, New Jersey",825,2115
Irvington Township,3401334450,2.91,0600000US3401334450,3401334450,"Irvington township, Essex County, New Jersey",54715,18802
Island Heights Borough,3402934530,0.9,0600000US3402934530,3402934530,"Island Heights borough, Ocean County, New Jersey",1581,1757
Jackson Township,3402934680,100.63,0600000US3402934680,3402934680,"Jackson township, Ocean County, New Jersey",56501,561
Jamesburg Borough,3402334890,0.89,0600000US3402334890,3402334890,"Jamesburg borough, Middlesex County, New Jersey",6038,6784
Jefferson Township,3402734980,42.78,0600000US3402734980,3402734980,"Jefferson township, Morris County, New Jersey",21440,501
Jersey City,3401736000,15.86,0600000US3401736000,3401736000,"Jersey City city, Hudson County, New Jersey",265932,16767
Keansburg Borough,3402536480,1.21,0600000US3402536480,3402536480,"Keansburg borough, Monmouth County, New Jersey",9868,8155
Kearny Town,3401736510,10.18,0600000US3401736510,3401736510,"Kearny town, Hudson County, New Jersey",42487,4174
Kenilworth Borough,3403936690,2.15,0600000US3403936690,3403936690,"Kenilworth borough, Union County, New Jersey",8235,3830
Keyport Borough,3402536810,1.44,0600000US3402536810,3402536810,"Keyport borough, Monmouth County, New Jersey",7138,4957
Kingwood Township,3401937065,35.63,0600000US3401937065,3401937065,"Kingwood township, Hunterdon County, New Jersey",3777,106
Kinnelon Borough,3402737110,19.23,0600000US3402737110,3402737110,"Kinnelon borough, Morris County, New Jersey",10242,533
Knowlton Township,3404137320,25.41,0600000US3404137320,3404137320,"Knowlton township, Warren County, New Jersey",2976,117
Lacey Township,3402937380,99.67,0600000US3402937380,3402937380,"Lacey township, Ocean County, New Jersey",28444,285
Lafayette Township,3403737440,17.97,0600000US3403737440,3403737440,"Lafayette township, Sussex County, New Jersey",2391,133
Lake Como Borough,3402537560,0.25,0600000US3402537560,3402537560,"Lake Como borough, Monmouth County, New Jersey",1518,6072
Lakehurst Borough,3402937770,0.98,0600000US3402937770,3402937770,"Lakehurst borough, Ocean County, New Jersey",2687,2742
Lakewood Township,3402938550,25.09,0600000US3402938550,3402938550,"Lakewood township, Ocean County, New Jersey",99467,3964
Lambertville City,3401938610,1.22,0600000US3401938610,3401938610,"Lambertville city, Hunterdon County, New Jersey",3840,3148
Laurel Springs Borough,3400739210,0.46,0600000US3400739210,3400739210,"Laurel Springs borough, Camden County, New Jersey",1917,4167
Lavallette Borough,3402939390,1.03,0600000US3402939390,3402939390,"Lavallette borough, Ocean County, New Jersey",2042,1983
Lawnside Borough,3400739420,1.42,0600000US3400739420,3400739420,"Lawnside borough, Camden County, New Jersey",2917,2054
Lawrence Township,3402139510,21.97,0600000US3402139510,3402139510,"Lawrence township, Mercer County, New Jersey",33288,1515
Lawrence Township,3401139450,38.33,0600000US3401139450,3401139450,"Lawrence township, Cumberland County, New Jersey",3234,84
Lebanon Borough,3401939630,0.9,0600000US3401939630,3401939630,"Lebanon borough, Hunterdon County, New Jersey",1693,1881
Lebanon Township,3401939660,31.67,0600000US3401939660,3401939660,"Lebanon township, Hunterdon County, New Jersey",6152,194
Leonia Borough,3400340020,1.62,0600000US3400340020,3400340020,"Leonia borough, Bergen County, New Jersey",9191,5673
Liberty Township,3404140110,11.92,0600000US3404140110,3404140110,"Liberty township, Warren County, New Jersey",2857,240
Lincoln Park Borough,3402740290,6.91,0600000US3402740290,3402740290,"Lincoln Park borough, Morris County, New Jersey",10464,1514
Linden City,3403940350,11.06,0600000US3403940350,3403940350,"Linden city, Union County, New Jersey",42230,3818
Lindenwold Borough,3400740440,3.94,0600000US3400740440,3400740440,"Lindenwold borough, Camden County, New Jersey",17481,4437
Linwood City,3400140530,4.36,0600000US3400140530,3400140530,"Linwood city, Atlantic County, New Jersey",6959,1596
Little Egg Harbor Township,3402940560,73.97,0600000US3402940560,3402940560,"Little Egg Harbor township, Ocean County, New Jersey",20695,280
Little Falls Township,3403140620,2.87,0600000US3403140620,3403140620,"Little Falls township, Passaic County, New Jersey",14524,5061
Little Ferry Borough,3400340680,1.67,0600000US3400340680,3400340680,"Little Ferry borough, Bergen County, New Jersey",10942,6552
Little Silver Borough,3402540770,3.18,0600000US3402540770,3402540770,"Little Silver borough, Monmouth County, New Jersey",5917,1861
Livingston Township,3401340890,14.12,0600000US3401340890,3401340890,"Livingston township, Essex County, New Jersey",29955,2121
Loch Arbour Village,3402541010,0.11,0600000US3402541010,3402541010,"Loch Arbour village, Monmouth County, New Jersey",195,1773
Lodi Borough,3400341100,2.29,0600000US3400341100,3400341100,"Lodi borough, Bergen County, New Jersey",24805,10832
Logan Township,3401541160,26.31,0600000US3401541160,3401541160,"Logan township, Gloucester County, New Jersey",5976,227
Long Beach Township,3402941250,23.54,0600000US3402941250,3402941250,"Long Beach township, Ocean County, New Jersey",3040,129
Long Branch City,3402541310,5.47,0600000US3402541310,3402541310,"Long Branch city, Monmouth County, New Jersey",30751,5622
Long Hill Township,3402741362,12.05,0600000US3402741362,3402741362,"Long Hill township, Morris County, New Jersey",8763,727
Longport Borough,3400141370,0.59,0600000US3400141370,3400141370,"Longport borough, Atlantic County, New Jersey",958,1624
Lopatcong Township,3404141490,7.37,0600000US3404141490,3404141490,"Lopatcong township, Warren County, New Jersey",8300,1126
Lower Alloways Creek Township,3403341640,47.93,0600000US3403341640,3403341640,"Lower Alloways Creek township, Salem County, New Jersey",1661,35
Lower Township,3400941610,31.01,0600000US3400941610,3400941610,"Lower township, Cape May County, New Jersey",22051,711
Lumberton Township,3400542060,13.01,0600000US3400542060,3400542060,"Lumberton township, Burlington County, New Jersey",12390,952
Lyndhurst Township,3400342090,4.96,0600000US3400342090,3400342090,"Lyndhurst township, Bergen County, New Jersey",21937,4423
Madison Borough,3402742510,4.22,0600000US3402742510,3402742510,"Madison borough, Morris County, New Jersey",16080,3810
Magnolia Borough,3400742630,0.97,0600000US3400742630,3400742630,"Magnolia borough, Camden County, New Jersey",4310,4443
Mahwah Township,3400342750,25.88,0600000US3400342750,3400342750,"Mahwah township, Bergen County, New Jersey",26581,1027
Manalapan Township,3402542990,30.88,0600000US3402542990,3402542990,"Manalapan township, Monmouth County, New Jersey",40096,1298
Manasquan Borough,3402543050,1.57,0600000US3402543050,3402543050,"Manasquan borough, Monmouth County, New Jersey",5824,3710
Manchester Township,3402943140,82.43,0600000US3402943140,3402943140,"Manchester township, Ocean County, New Jersey",43418,527
Mannington Township,3403343200,37.85,0600000US3403343200,3403343200,"Mannington township, Salem County, New Jersey",1721,45
Mansfield Township,3400543290,21.9,0600000US3400543290,3400543290,"Mansfield township, Burlington County, New Jersey",8586,392
Mansfield Township,3404143320,29.68,0600000US3404143320,3404143320,"Mansfield township, Warren County, New Jersey",7507,253
Mantoloking Borough,3402943380,0.63,0600000US3402943380,3402943380,"Mantoloking borough, Ocean County, New Jersey",294,467
Mantua Township,3401543440,16.08,0600000US3401543440,3401543440,"Mantua township, Gloucester County, New Jersey",15110,940
Manville Borough,3403543620,2.44,0600000US3403543620,3403543620,"Manville borough, Somerset County, New Jersey",10436,4277
Maple Shade Township,3400543740,3.82,0600000US3400543740,3400543740,"Maple Shade township, Burlington County, New Jersey",18940,4958
Maplewood Township,3401343800,3.87,0600000US3401343800,3401343800,"Maplewood township, Essex County, New Jersey",24706,6384
Margate City,3400143890,1.63,0600000US3400143890,3400143890,"Margate City city, Atlantic County, New Jersey",6200,3804
Marlboro Township,3402544070,30.43,0600000US3402544070,3402544070,"Marlboro township, Monmouth County, New Jersey",40466,1330
Matawan Borough,3402544520,2.4,0600000US3402544520,3402544520,"Matawan borough, Monmouth County, New Jersey",8898,3708
Maurice River Township,3401144580,94.95,0600000US3401144580,3401144580,"Maurice River township, Cumberland County, New Jersey",6958,73
Maywood Borough,3400344880,1.28,0600000US3400344880,3400344880,"Maywood borough, Bergen County, New Jersey",9789,7648
Medford Lakes Borough,3400545210,1.26,0600000US3400545210,3400545210,"Medford Lakes borough, Burlington County, New Jersey",4075,3234
Medford Township,3400545120,39.8,0600000US3400545120,3400545120,"Medford township, Burlington County, New Jersey",23353,587
Mendham Borough,3402745330,5.97,0600000US3402745330,3402745330,"Mendham borough, Morris County, New Jersey",4992,836
Mendham Township,3402745360,18.01,0600000US3402745360,3402745360,"Mendham township, Morris County, New Jersey",5877,326
Merchantville Borough,3400745510,0.59,0600000US3400745510,3400745510,"Merchantville borough, Camden County, New Jersey",3769,6388
Metuchen Borough,3402345690,2.83,0600000US3402345690,3402345690,"Metuchen borough, Middlesex County, New Jersey",13940,4926
Middle Township,3400945810,82.71,0600000US3400945810,3400945810,"Middle township, Cape May County, New Jersey",18623,225
Middlesex Borough,3402345900,3.51,0600000US3402345900,3402345900,"Middlesex borough, Middlesex County, New Jersey",13875,3953
Middletown Township,3402545990,43.53,0600000US3402545990,3402545990,"Middletown township, Monmouth County, New Jersey",65952,1515
Midland Park Borough,3400346110,1.58,0600000US3400346110,3400346110,"Midland Park borough, Bergen County, New Jersey",7336,4643
Milford Borough,3401946260,1.27,0600000US3401946260,3401946260,"Milford borough, Hunterdon County, New Jersey",1284,1011
Millburn Township,3401346380,9.88,0600000US3401346380,3401346380,"Millburn township, Essex County, New Jersey",20387,2063
Millstone Borough,3403546590,0.69,0600000US3403546590,3403546590,"Millstone borough, Somerset County, New Jersey",550,797
Millstone Township,3402546560,37.18,0600000US3402546560,3402546560,"Millstone township, Monmouth County, New Jersey",10522,283
Milltown Borough,3402346620,1.59,0600000US3402346620,3402346620,"Milltown borough, Middlesex County, New Jersey",7069,4446
Millville City,3401146680,44.5,0600000US3401146680,3401146680,"Millville city, Cumberland County, New Jersey",28235,634
Mine Hill Township,3402746860,2.99,0600000US3402746860,3402746860,"Mine Hill township, Morris County, New Jersey",3609,1207
Monmouth Beach Borough,3402547130,1.97,0600000US3402547130,3402547130,"Monmouth Beach borough, Monmouth County, New Jersey",3247,1648
Monroe Township,3402347280,42.16,0600000US3402347280,3402347280,"Monroe township, Middlesex County, New Jersey",43796,1039
Monroe Township,3401547250,46.92,0600000US3401547250,3401547250,"Monroe township, Gloucester County, New Jersey",36779,784
Montague Township,3403747430,46.64,0600000US3403747430,3403747430,"Montague township, Sussex County, New Jersey",3753,80
Montclair Township,3401347500,6.24,0600000US3401347500,3401347500,"Montclair township, Essex County, New Jersey",38572,6181
Montgomery Township,3403547580,32.48,0600000US3403547580,3403547580,"Montgomery township, Somerset County, New Jersey",23059,710
Montvale Borough,3400347610,4.03,0600000US3400347610,3400347610,"Montvale borough, Bergen County, New Jersey",8440,2094
Montville Township,3402747670,19.11,0600000US3402747670,3402747670,"Montville township, Morris County, New Jersey",21739,1138
Moonachie Borough,3400347700,1.74,0600000US3400347700,3400347700,"Moonachie borough, Bergen County, New Jersey",2783,1599
Moorestown Township,3400547880,14.96,0600000US3400547880,3400547880,"Moorestown township, Burlington County, New Jersey",20568,1375
Morris Plains Borough,3402748210,2.58,0600000US3402748210,3402748210,"Morris Plains borough, Morris County, New Jersey",5605,2172
Morris Township,3402748090,15.8,0600000US3402748090,3402748090,"Morris township, Morris County, New Jersey",22498,1424
Morristown Town,3402748300,3,0600000US3402748300,3402748300,"Morristown town, Morris County, New Jersey",18833,6278
Mount Arlington Borough,3402748690,2.8,0600000US3402748690,3402748690,"Mount Arlington borough, Morris County, New Jersey",5405,1930
Mount Ephraim Borough,3400748750,0.9,0600000US3400748750,3400748750,"Mount Ephraim borough, Camden County, New Jersey",4641,5157
Mount Holly Township,3400548900,2.87,0600000US3400548900,3400548900,"Mount Holly township, Burlington County, New Jersey",9536,3323
Mount Laurel Township,3400549020,21.98,0600000US3400549020,3400549020,"Mount Laurel township, Burlington County, New Jersey",41795,1902
Mount Olive Township,3402749080,31.23,0600000US3402749080,3402749080,"Mount Olive township, Morris County, New Jersey",29010,929
Mountain Lakes Borough,3402748480,2.9,0600000US3402748480,3402748480,"Mountain Lakes borough, Morris County, New Jersey",4309,1486
Mountainside Borough,3403948510,4.03,0600000US3403948510,3403948510,"Mountainside borough, Union County, New Jersey",6907,1714
Mullica Township,3400149410,56.83,0600000US3400149410,3400149410,"Mullica township, Atlantic County, New Jersey",6088,107
National Park Borough,3401549680,1.45,0600000US3401549680,3401549680,"National Park borough, Gloucester County, New Jersey",2998,2068
Neptune City Borough,3402549920,0.89,0600000US3402549920,3402549920,"Neptune City borough, Monmouth County, New Jersey",4749,5336
Neptune Township,3402549890,8.8,0600000US3402549890,3402549890,"Neptune township, Monmouth County, New Jersey",27728,3151
Netcong Borough,3402750130,0.95,0600000US3402750130,3402750130,"Netcong borough, Morris County, New Jersey",3245,3416
New Brunswick City,3402351210,5.75,0600000US3402351210,3402351210,"New Brunswick city, Middlesex County, New Jersey",56792,9877
New Hanover Township,3400551510,22.62,0600000US3400551510,3400551510,"New Hanover township, Burlington County, New Jersey",7665,339
New Milford Borough,3400351660,2.32,0600000US3400351660,3400351660,"New Milford borough, Bergen County, New Jersey",16760,7224
New Providence Borough,3403951810,3.7,0600000US3403951810,3403951810,"New Providence borough, Union County, New Jersey",12716,3437
Newark City,3401351000,26.21,0600000US3401351000,3401351000,"Newark city, Essex County, New Jersey",282803,10790
Newfield Borough,3401551390,1.74,0600000US3401551390,3401551390,"Newfield borough, Gloucester County, New Jersey",1626,934
Newton Town,3403751930,3.38,0600000US3403751930,3403751930,"Newton town, Sussex County, New Jersey",7937,2348
North Arlington Borough,3400352320,2.53,0600000US3400352320,3400352320,"North Arlington borough, Bergen County, New Jersey",15877,6275
North Bergen Township,3401752470,5.28,0600000US3401752470,3401752470,"North Bergen township, Hudson County, New Jersey",63438,12015
North Brunswick Township,3402352560,12.28,0600000US3402352560,3402352560,"North Brunswick township, Middlesex County, New Jersey",42591,3468
North Caldwell Borough,3401352620,3.07,0600000US3401352620,3401352620,"North Caldwell borough, Essex County, New Jersey",6637,2162
North Haledon Borough,3403153040,3.52,0600000US3403153040,3403153040,"North Haledon borough, Passaic County, New Jersey",8564,2433
North Hanover Township,3400553070,17.5,0600000US3400553070,3400553070,"North Hanover township, Burlington County, New Jersey",7634,436
North Plainfield Borough,3403553280,2.82,0600000US3403553280,3403553280,"North Plainfield borough, Somerset County, New Jersey",22092,7834
North Wildwood City,3400953490,2.48,0600000US3400953490,3400953490,"North Wildwood city, Cape May County, New Jersey",3895,1571
Northfield City,3400152950,3.61,0600000US3400152950,3400152950,"Northfield city, Atlantic County, New Jersey",8480,2349
Northvale Borough,3400353430,1.26,0600000US3400353430,3400353430,"Northvale borough, Bergen County, New Jersey",4872,3867
Norwood Borough,3400353610,2.79,0600000US3400353610,3400353610,"Norwood borough, Bergen County, New Jersey",5864,2102
Nutley Township,3401353680,3.41,0600000US3401353680,3401353680,"Nutley township, Essex County, New Jersey",28829,8454
Oakland Borough,3400353850,8.76,0600000US3400353850,3400353850,"Oakland borough, Bergen County, New Jersey",13145,1501
Oaklyn Borough,3400753880,0.7,0600000US3400753880,3400753880,"Oaklyn borough, Camden County, New Jersey",4009,5727
Ocean City,3400954360,11.8,0600000US3400954360,3400954360,"Ocean City city, Cape May County, New Jersey",11328,960
Ocean Gate Borough,3402954450,0.54,0600000US3402954450,3402954450,"Ocean Gate borough, Ocean County, New Jersey",1911,3539
Ocean Township,3402554270,10.98,0600000US3402554270,3402554270,"Ocean township, Monmouth County, New Jersey",27006,2460
Ocean Township,3402954300,31.63,0600000US3402954300,3402954300,"Ocean township, Ocean County, New Jersey",8838,279
Oceanport Borough,3402554570,4.09,0600000US3402554570,3402554570,"Oceanport borough, Monmouth County, New Jersey",5762,1409
Ogdensburg Borough,3403754660,2.24,0600000US3403754660,3403754660,"Ogdensburg borough, Sussex County, New Jersey",2433,1086
Old Bridge Township,3402354705,38.68,0600000US3402354705,3402354705,"Old Bridge township, Middlesex County, New Jersey",66880,1729
Old Tappan Borough,3400354870,4.16,0600000US3400354870,3400354870,"Old Tappan borough, Bergen County, New Jersey",5999,1442
Oldmans Township,3403354810,20.02,0600000US3403354810,3403354810,"Oldmans township, Salem County, New Jersey",1714,86
Oradell Borough,3400354990,2.55,0600000US3400354990,3400354990,"Oradell borough, Bergen County, New Jersey",8222,3224
Oxford Township,3404155530,6.05,0600000US3404155530,3404155530,"Oxford township, Warren County, New Jersey",2609,431
Palisades Park Borough,3400355770,1.28,0600000US3400355770,3400355770,"Palisades Park borough, Bergen County, New Jersey",20716,16184
Palmyra Borough,3400555800,2.61,0600000US3400555800,3400555800,"Palmyra borough, Burlington County, New Jersey",7296,2795
Paramus Borough,3400355950,10.5,0600000US3400355950,3400355950,"Paramus borough, Bergen County, New Jersey",26919,2564
Park Ridge Borough,3400356130,2.62,0600000US3400356130,3400356130,"Park Ridge borough, Bergen County, New Jersey",8905,3399
Parsippany-Troy Hills Township,3402756460,25.34,0600000US3402756460,3402756460,"Parsippany-Troy Hills township, Morris County, New Jersey",53444,2109
Passaic City,3403156550,3.23,0600000US3403156550,3403156550,"Passaic city, Passaic County, New Jersey",71057,21999
Paterson City,3403157000,8.69,0600000US3403157000,3403157000,"Paterson city, Passaic County, New Jersey",147890,17018
Paulsboro Borough,3401557150,2.66,0600000US3401557150,3401557150,"Paulsboro borough, Gloucester County, New Jersey",5970,2244
Peapack-Gladstone Borough,3403557300,5.77,0600000US3403557300,3403557300,"Peapack and Gladstone borough, Somerset County, New Jersey",2595,450
Pemberton Borough,3400557480,0.62,0600000US3400557480,3400557480,"Pemberton borough, Burlington County, New Jersey",1439,2321
Pemberton Township,3400557510,62.75,0600000US3400557510,3400557510,"Pemberton township, Burlington County, New Jersey",27573,439
Pennington Borough,3402157600,0.97,0600000US3402157600,3402157600,"Pennington borough, Mercer County, New Jersey",2591,2671
Penns Grove Borough,3403357750,0.89,0600000US3403357750,3403357750,"Penns Grove borough, Salem County, New Jersey",4917,5525
Pennsauken Township,3400757660,12.17,0600000US3400757660,3400757660,"Pennsauken township, Camden County, New Jersey",35863,2947
Pennsville Township,3403357870,24.84,0600000US3403357870,3403357870,"Pennsville township, Salem County, New Jersey",12742,513
Pequannock Township,3402758110,7.1,0600000US3402758110,3402758110,"Pequannock township, Morris County, New Jersey",15499,2183
Perth Amboy City,3402358200,5.17,0600000US3402358200,3402358200,"Perth Amboy city, Middlesex County, New Jersey",52563,10167
Phillipsburg Town,3404158350,3.33,0600000US3404158350,3404158350,"Phillipsburg town, Warren County, New Jersey",14540,4366
Pilesgrove Township,3403358530,35.14,0600000US3403358530,3403358530,"Pilesgrove township, Salem County, New Jersey",4048,115
Pine Beach Borough,3402958590,0.65,0600000US3402958590,3402958590,"Pine Beach borough, Ocean County, New Jersey",2185,3362
Pine Hill Borough,3400758770,3.95,0600000US3400758770,3400758770,"Pine Hill borough, Camden County, New Jersey",10517,2663
Pine Valley Borough,3400758920,0.97,0600000US3400758920,3400758920,"Pine Valley borough, Camden County, New Jersey",4,4
Piscataway Township,3402359010,18.95,0600000US3402359010,3402359010,"Piscataway township, Middlesex County, New Jersey",57695,3045
Pitman Borough,3401559070,2.25,0600000US3401559070,3401559070,"Pitman borough, Gloucester County, New Jersey",8886,3949
Pittsgrove Township,3403359130,45.74,0600000US3403359130,3403359130,"Pittsgrove township, Salem County, New Jersey",9009,197
Plainfield City,3403959190,5.96,0600000US3403959190,3403959190,"Plainfield city, Union County, New Jersey",51097,8573
Plainsboro Township,3402359280,12.11,0600000US3402359280,3402359280,"Plainsboro township, Middlesex County, New Jersey",23487,1939
Pleasantville City,3400159640,7.26,0600000US3400159640,3400159640,"Pleasantville city, Atlantic County, New Jersey",20568,2833
Plumsted Township,3402959790,39.5,0600000US3402959790,3402959790,"Plumsted township, Ocean County, New Jersey",8509,215
Pohatcong Township,3404159820,13.71,0600000US3404159820,3404159820,"Pohatcong township, Warren County, New Jersey",3254,237
Point Pleasant Beach Borough,3402959910,1.87,0600000US3402959910,3402959910,"Point Pleasant Beach borough, Ocean County, New Jersey",4577,2448
Point Pleasant Borough,3402959880,4.2,0600000US3402959880,3402959880,"Point Pleasant borough, Ocean County, New Jersey",18519,4409
Pompton Lakes Borough,3403160090,3.12,0600000US3403160090,3403160090,"Pompton Lakes borough, Passaic County, New Jersey",11205,3591
Port Republic City,3400160600,8.55,0600000US3400160600,3400160600,"Port Republic city, Atlantic County, New Jersey",1056,124
Princeton,3402160900,18.41,0600000US3402160900,3402160900,"Princeton, Mercer County, New Jersey",30722,1669
Prospect Park Borough,3403161170,0.46,0600000US3403161170,3403161170,"Prospect Park borough, Passaic County, New Jersey",5955,12946
Quinton Township,3403361470,24.25,0600000US3403361470,3403361470,"Quinton township, Salem County, New Jersey",2474,102
Rahway City,3403961530,4.04,0600000US3403961530,3403961530,"Rahway city, Union County, New Jersey",29443,7288
Ramsey Borough,3400361680,5.57,0600000US3400361680,3400361680,"Ramsey borough, Bergen County, New Jersey",15121,2715
Randolph Township,3402761890,21.15,0600000US3402761890,3402761890,"Randolph township, Morris County, New Jersey",25918,1225
Raritan Borough,3403561980,2.02,0600000US3403561980,3403561980,"Raritan borough, Somerset County, New Jersey",7758,3841
Raritan Township,3401961920,37.64,0600000US3401961920,3401961920,"Raritan township, Hunterdon County, New Jersey",22103,587
Readington Township,3401962250,47.83,0600000US3401962250,3401962250,"Readington township, Hunterdon County, New Jersey",15962,334
Red Bank Borough,3402562430,2.16,0600000US3402562430,3402562430,"Red Bank borough, Monmouth County, New Jersey",12220,5657
Ridgefield Borough,3400362910,2.85,0600000US3400362910,3400362910,"Ridgefield borough, Bergen County, New Jersey",11369,3989
Ridgefield Park Village,3400362940,1.92,0600000US3400362940,3400362940,"Ridgefield Park village, Bergen County, New Jersey",13070,6807
Ridgewood Village,3400363000,5.8,0600000US3400363000,3400363000,"Ridgewood village, Bergen County, New Jersey",25554,4406
Ringwood Borough,3403163150,28.48,0600000US3403163150,3403163150,"Ringwood borough, Passaic County, New Jersey",12451,437
River Edge Borough,3400363360,1.88,0600000US3400363360,3400363360,"River Edge borough, Bergen County, New Jersey",11648,6196
River Vale Township,3400363690,4.31,0600000US3400363690,3400363690,"River Vale township, Bergen County, New Jersey",10055,2333
Riverdale Borough,3402763300,2.06,0600000US3402763300,3402763300,"Riverdale borough, Morris County, New Jersey",4238,2057
Riverside Township,3400563510,1.63,0600000US3400563510,3400563510,"Riverside township, Burlington County, New Jersey",7969,4889
Riverton Borough,3400563660,0.96,0600000US3400563660,3400563660,"Riverton borough, Burlington County, New Jersey",2730,2844
Robbinsville Township,3402163850,20.57,0600000US3402163850,3402163850,"Robbinsville township, Mercer County, New Jersey",14281,694
Rochelle Park Township,3400363990,1.02,0600000US3400363990,3400363990,"Rochelle Park township, Bergen County, New Jersey",5677,5566
Rockaway Borough,3402764050,2.12,0600000US3402764050,3402764050,"Rockaway borough, Morris County, New Jersey",6473,3053
Rockaway Township,3402764080,45.89,0600000US3402764080,3402764080,"Rockaway township, Morris County, New Jersey",24758,540
Rockleigh Borough,3400364170,1.01,0600000US3400364170,3400364170,"Rockleigh borough, Bergen County, New Jersey",599,593
Rocky Hill Borough,3403564320,0.62,0600000US3403564320,3403564320,"Rocky Hill borough, Somerset County, New Jersey",622,1003
Roosevelt Borough,3402564410,1.94,0600000US3402564410,3402564410,"Roosevelt borough, Monmouth County, New Jersey",808,416
Roseland Borough,3401364590,3.68,0600000US3401364590,3401364590,"Roseland borough, Essex County, New Jersey",5907,1605
Roselle Borough,3403964620,2.64,0600000US3403964620,3403964620,"Roselle borough, Union County, New Jersey",21746,8237
Roselle Park Borough,3403964650,1.22,0600000US3403964650,3403964650,"Roselle Park borough, Union County, New Jersey",13709,11237
Roxbury Township,3402764980,21.94,0600000US3402764980,3402764980,"Roxbury township, Morris County, New Jersey",23458,1069
Rumson Borough,3402565130,7.09,0600000US3402565130,3402565130,"Rumson borough, Monmouth County, New Jersey",6874,970
Runnemede Borough,3400765160,2.1,0600000US3400765160,3400765160,"Runnemede borough, Camden County, New Jersey",8391,3996
Rutherford Borough,3400365280,2.89,0600000US3400365280,3400365280,"Rutherford borough, Bergen County, New Jersey",18622,6444
Saddle Brook Township,3400365340,2.74,0600000US3400365340,3400365340,"Saddle Brook township, Bergen County, New Jersey",14076,5137
Saddle River Borough,3400365400,4.96,0600000US3400365400,3400365400,"Saddle River borough, Bergen County, New Jersey",3248,655
Salem City,3403365490,2.75,0600000US3403365490,3403365490,"Salem city, Salem County, New Jersey",4877,1773
Sandyston Township,3403765700,42.07,0600000US3403765700,3403765700,"Sandyston township, Sussex County, New Jersey",1854,44
Sayreville Borough,3402365790,17.58,0600000US3402365790,3402365790,"Sayreville borough, Middlesex County, New Jersey",44744,2545
Scotch Plains Township,3403966060,9.05,0600000US3403966060,3403966060,"Scotch Plains township, Union County, New Jersey",24339,2689
Sea Bright Borough,3402566240,1.22,0600000US3402566240,3402566240,"Sea Bright borough, Monmouth County, New Jersey",1304,1069
Sea Girt Borough,3402566330,1.12,0600000US3402566330,3402566330,"Sea Girt borough, Monmouth County, New Jersey",1714,1530
Sea Isle City,3400966390,2.75,0600000US3400966390,3400966390,"Sea Isle City city, Cape May County, New Jersey",1971,717
Seaside Heights Borough,3402966450,0.74,0600000US3402966450,3402966450,"Seaside Heights borough, Ocean County, New Jersey",2894,3911
Seaside Park Borough,3402966480,1.08,0600000US3402966480,3402966480,"Seaside Park borough, Ocean County, New Jersey",1566,1450
Secaucus Town,3401766570,6.55,0600000US3401766570,3401766570,"Secaucus town, Hudson County, New Jersey",19279,2943
Shamong Township,3400566810,45.03,0600000US3400566810,3400566810,"Shamong township, Burlington County, New Jersey",6470,144
Shiloh Borough,3401167020,1.2,0600000US3401167020,3401167020,"Shiloh borough, Cumberland County, New Jersey",450,375
Ship Bottom Borough,3402967110,0.98,0600000US3402967110,3402967110,"Ship Bottom borough, Ocean County, New Jersey",984,1004
Shrewsbury Borough,3402567350,2.17,0600000US3402567350,3402567350,"Shrewsbury borough, Monmouth County, New Jersey",4051,1867
Shrewsbury Township,3402567365,0.09,0600000US3402567365,3402567365,"Shrewsbury township, Monmouth County, New Jersey",1117,12411
Somerdale Borough,3400768340,1.38,0600000US3400768340,3400768340,"Somerdale borough, Camden County, New Jersey",5417,3925
Somers Point City,3400168430,4.97,0600000US3400168430,3400168430,"Somers Point city, Atlantic County, New Jersey",10644,2142
Somerville Borough,3403568460,2.34,0600000US3403568460,3403568460,"Somerville borough, Somerset County, New Jersey",12234,5228
South Amboy City,3402368550,1.97,0600000US3402368550,3402368550,"South Amboy city, Middlesex County, New Jersey",8811,4473
South Bound Brook Borough,3403568730,0.73,0600000US3403568730,3403568730,"South Bound Brook borough, Somerset County, New Jersey",4606,6310
South Brunswick Township,3402368790,41,0600000US3402368790,3402368790,"South Brunswick township, Middlesex County, New Jersey",45602,1112
South Hackensack Township,3400368970,0.74,0600000US3400368970,3400368970,"South Hackensack township, Bergen County, New Jersey",2743,3707
South Harrison Township,3401569030,15.95,0600000US3401569030,3401569030,"South Harrison township, Gloucester County, New Jersey",3190,200
South Orange Village Township,3401369274,2.84,0600000US3401369274,3401369274,"South Orange Village township, Essex County, New Jersey",16503,5811
South Plainfield Borough,3402369390,8.32,0600000US3402369390,3402369390,"South Plainfield borough, Middlesex County, New Jersey",24154,2903
South River Borough,3402369420,2.92,0600000US3402369420,3402369420,"South River borough, Middlesex County, New Jersey",16345,5598
South Toms River Borough,3402969510,1.23,0600000US3402969510,3402969510,"South Toms River borough, Ocean County, New Jersey",3741,3041
Southampton Township,3400568610,44.4,0600000US3400568610,3400568610,"Southampton township, Burlington County, New Jersey",10274,231
Sparta Township,3403769690,38.78,0600000US3403769690,3403769690,"Sparta township, Sussex County, New Jersey",19053,491
Spotswood Borough,3402369810,2.41,0600000US3402369810,3402369810,"Spotswood borough, Middlesex County, New Jersey",8443,3503
Spring Lake Borough,3402570110,1.47,0600000US3402570110,3402570110,"Spring Lake borough, Monmouth County, New Jersey",2980,2027
Spring Lake Heights Borough,3402570140,1.3,0600000US3402570140,3402570140,"Spring Lake Heights borough, Monmouth County, New Jersey",4645,3573
Springfield Township,3403970020,5.16,0600000US3403970020,3403970020,"Springfield township, Union County, New Jersey",17528,3397
Springfield Township,3400569990,29.56,0600000US3400569990,3400569990,"Springfield township, Burlington County, New Jersey",3345,113
Stafford Township,3402970320,54.67,0600000US3402970320,3402970320,"Stafford township, Ocean County, New Jersey",27012,494
Stanhope Borough,3403770380,2.09,0600000US3403770380,3403770380,"Stanhope borough, Sussex County, New Jersey",3411,1632
Stillwater Township,3403770890,28.24,0600000US3403770890,3403770890,"Stillwater township, Sussex County, New Jersey",3975,141
Stockton Borough,3401970980,0.61,0600000US3401970980,3401970980,"Stockton borough, Hunterdon County, New Jersey",700,1148
Stone Harbor Borough,3400971010,2.31,0600000US3400971010,3400971010,"Stone Harbor borough, Cape May County, New Jersey",1013,439
Stow Creek Township,3401171160,18.8,0600000US3401171160,3401171160,"Stow Creek township, Cumberland County, New Jersey",1327,71
Stratford Borough,3400771220,1.57,0600000US3400771220,3400771220,"Stratford borough, Camden County, New Jersey",7019,4471
Summit City,3403971430,6.04,0600000US3403971430,3403971430,"Summit city, Union County, New Jersey",22155,3668
Surf City Borough,3402971640,1.29,0600000US3402971640,3402971640,"Surf City borough, Ocean County, New Jersey",1238,960
Sussex Borough,3403771670,0.62,0600000US3403771670,3403771670,"Sussex borough, Sussex County, New Jersey",1872,3019
Swedesboro Borough,3401571850,0.77,0600000US3401571850,3401571850,"Swedesboro borough, Gloucester County, New Jersey",2609,3388
Tabernacle Township,3400572060,49.56,0600000US3400572060,3400572060,"Tabernacle township, Burlington County, New Jersey",6920,140
Tavistock Borough,3400772240,0.27,0600000US3400772240,3400772240,"Tavistock borough, Camden County, New Jersey",4,15
Teaneck Township,3400372360,6.23,0600000US3400372360,3400372360,"Teaneck township, Bergen County, New Jersey",40977,6577
Tenafly Borough,3400372420,4.55,0600000US3400372420,3400372420,"Tenafly borough, Bergen County, New Jersey",14882,3271
Teterboro Borough,3400372480,1.11,0600000US3400372480,3400372480,"Teterboro borough, Bergen County, New Jersey",108,97
Tewksbury Township,3401972510,31.75,0600000US3401972510,3401972510,"Tewksbury township, Hunterdon County, New Jersey",5881,185
Tinton Falls Borough,3402573020,15.6,0600000US3402573020,3402573020,"Tinton Falls borough, Monmouth County, New Jersey",17902,1148
Toms River Township,3402973125,52.7,0600000US3402973125,3402973125,"Toms River township, Ocean County, New Jersey",91415,1735
Totowa Borough,3403173140,4.07,0600000US3403173140,3403173140,"Totowa borough, Passaic County, New Jersey",10829,2661
Trenton City,3402174000,8.23,0600000US3402174000,3402174000,"Trenton city, Mercer County, New Jersey",84867,10312
Tuckerton Borough,3402974210,3.68,0600000US3402974210,3402974210,"Tuckerton borough, Ocean County, New Jersey",3371,916
Union Beach Borough,3402574540,1.87,0600000US3402574540,3402574540,"Union Beach borough, Monmouth County, New Jersey",5634,3013
Union City,3401774630,1.28,0600000US3401774630,3401774630,"Union City city, Hudson County, New Jersey",69815,54543
Union Township,3403974480,9.08,0600000US3403974480,3403974480,"Union township, Union County, New Jersey",58499,6443
Union Township,3401974420,20.57,0600000US3401974420,3401974420,"Union township, Hunterdon County, New Jersey",5669,276
Upper Deerfield Township,3401174870,31.38,0600000US3401174870,3401174870,"Upper Deerfield township, Cumberland County, New Jersey",7523,240
Upper Freehold Township,3402574900,47.36,0600000US3402574900,3402574900,"Upper Freehold township, Monmouth County, New Jersey",6899,146
Upper Pittsgrove Township,3403375110,40.38,0600000US3403375110,3403375110,"Upper Pittsgrove township, Salem County, New Jersey",3397,84
Upper Saddle River Borough,3400375140,5.27,0600000US3400375140,3400375140,"Upper Saddle River borough, Bergen County, New Jersey",8339,1582
Upper Township,3400974810,68.41,0600000US3400974810,3400974810,"Upper township, Cape May County, New Jersey",11990,175
Ventnor City,3400175620,2.54,0600000US3400175620,3400175620,"Ventnor City city, Atlantic County, New Jersey",10429,4106
Vernon Township,3403775740,69.95,0600000US3403775740,3403775740,"Vernon township, Sussex County, New Jersey",22572,323
Verona Township,3401375815,2.8,0600000US3401375815,3401375815,"Verona township, Essex County, New Jersey",13585,4852
Victory Gardens Borough,3402775890,0.14,0600000US3402775890,3402775890,"Victory Gardens borough, Morris County, New Jersey",1655,11821
Vineland City,3401176070,68.98,0600000US3401176070,3401176070,"Vineland city, Cumberland County, New Jersey",60824,882
Voorhees Township,3400776220,11.62,0600000US3400776220,3400776220,"Voorhees township, Camden County, New Jersey",29386,2529
Waldwick Borough,3400376400,2.06,0600000US3400376400,3400376400,"Waldwick borough, Bergen County, New Jersey",9985,4847
Wall Township,3402576460,31.7,0600000US3402576460,3402576460,"Wall township, Monmouth County, New Jersey",26020,821
Wallington Borough,3400376490,1.04,0600000US3400376490,3400376490,"Wallington borough, Bergen County, New Jersey",11701,11251
Walpack Township,3403776640,24.93,0600000US3403776640,3403776640,"Walpack township, Sussex County, New Jersey",6,0
Wanaque Borough,3403176730,9.32,0600000US3403176730,3403176730,"Wanaque borough, Passaic County, New Jersey",11782,1264
Wantage Township,3403776790,67.46,0600000US3403776790,3403776790,"Wantage township, Sussex County, New Jersey",11062,164
Warren Township,3403576940,19.64,0600000US3403576940,3403576940,"Warren township, Somerset County, New Jersey",15998,815
Washington Borough,3404177270,1.96,0600000US3404177270,3404177270,"Washington borough, Warren County, New Jersey",6517,3325
Washington Township,3400377135,3,0600000US3400377135,3400377135,"Washington township, Bergen County, New Jersey",9368,3123
Washington Township,3401577180,21.54,0600000US3401577180,3401577180,"Washington township, Gloucester County, New Jersey",48119,2234
Washington Township,3402777240,44.88,0600000US3402777240,3402777240,"Washington township, Morris County, New Jersey",18713,417
Washington Township,3404177300,18.04,0600000US3404177300,3404177300,"Washington township, Warren County, New Jersey",6494,360
Washington Township,3400577150,104.79,0600000US3400577150,3400577150,"Washington township, Burlington County, New Jersey",736,7
Watchung Borough,3403577600,6.04,0600000US3403577600,3403577600,"Watchung borough, Somerset County, New Jersey",5961,987
Waterford Township,3400777630,36.2,0600000US3400777630,3400777630,"Waterford township, Camden County, New Jersey",10749,297
Wayne Township,3403177840,25.16,0600000US3403177840,3403177840,"Wayne township, Passaic County, New Jersey",55154,2192
Weehawken Township,3401777930,0.79,0600000US3401777930,3401777930,"Weehawken township, Hudson County, New Jersey",14268,18061
Wenonah Borough,3401578110,1,0600000US3401578110,3401578110,"Wenonah borough, Gloucester County, New Jersey",2193,2193
West Amwell Township,3401978230,21.84,0600000US3401978230,3401978230,"West Amwell township, Hunterdon County, New Jersey",2781,127
West Caldwell Township,3401378510,5.06,0600000US3401378510,3401378510,"West Caldwell township, Essex County, New Jersey",10932,2160
West Cape May Borough,3400978530,1.18,0600000US3400978530,3400978530,"West Cape May borough, Cape May County, New Jersey",1051,891
West Deptford Township,3401578800,17.84,0600000US3401578800,3401578800,"West Deptford township, Gloucester County, New Jersey",21348,1197
West Long Branch Borough,3402579310,2.89,0600000US3402579310,3402579310,"West Long Branch borough, Monmouth County, New Jersey",7944,2749
West Milford Township,3403179460,81.01,0600000US3403179460,3403179460,"West Milford township, Passaic County, New Jersey",26759,330
West New York Town,3401779610,0.99,0600000US3401779610,3401779610,"West New York town, Hudson County, New Jersey",53345,53884
West Orange Township,3401379800,12.11,0600000US3401379800,3401379800,"West Orange township, Essex County, New Jersey",47609,3931
West Wildwood Borough,3400980210,0.36,0600000US3400980210,3400980210,"West Wildwood borough, Cape May County, New Jersey",435,1208
West Windsor Township,3402180240,26.25,0600000US3402180240,3402180240,"West Windsor township, Mercer County, New Jersey",28289,1078
Westampton Township,3400578200,11.09,0600000US3400578200,3400578200,"Westampton township, Burlington County, New Jersey",8730,787
Westfield Town,3403979040,6.74,0600000US3403979040,3403979040,"Westfield town, Union County, New Jersey",30591,4539
Westville Borough,3401580120,1.36,0600000US3401580120,3401580120,"Westville borough, Gloucester County, New Jersey",4223,3105
Westwood Borough,3400380270,2.3,0600000US3400380270,3400380270,"Westwood borough, Bergen County, New Jersey",11246,4890
Weymouth Township,3400180330,12.16,0600000US3400180330,3400180330,"Weymouth township, Atlantic County, New Jersey",2772,228
Wharton Borough,3402780390,2.12,0600000US3402780390,3402780390,"Wharton borough, Morris County, New Jersey",6591,3109
White Township,3404180570,27.8,0600000US3404180570,3404180570,"White township, Warren County, New Jersey",4771,172
Wildwood City,3400981170,1.65,0600000US3400981170,3400981170,"Wildwood city, Cape May County, New Jersey",5136,3113
Wildwood Crest Borough,3400981200,1.48,0600000US3400981200,3400981200,"Wildwood Crest borough, Cape May County, New Jersey",3176,2146
Willingboro Township,3400581440,8.11,0600000US3400581440,3400581440,"Willingboro township, Burlington County, New Jersey",31568,3892
Winfield Township,3403981650,0.17,0600000US3403981650,3403981650,"Winfield township, Union County, New Jersey",1525,8971
Winslow Township,3400781740,58.23,0600000US3400781740,3400781740,"Winslow township, Camden County, New Jersey",39317,675
Wood-Ridge Borough,3400382570,1.1,0600000US3400382570,3400382570,"Wood-Ridge borough, Bergen County, New Jersey",8350,7591
Woodbine Borough,3400981890,8.01,0600000US3400981890,3400981890,"Woodbine borough, Cape May County, New Jersey",2454,306
Woodbridge Township,3402382000,24.01,0600000US3402382000,3402382000,"Woodbridge township, Middlesex County, New Jersey",101639,4233
Woodbury City,3401582120,2.1,0600000US3401582120,3401582120,"Woodbury city, Gloucester County, New Jersey",9980,4752
Woodbury Heights Borough,3401582180,1.25,0600000US3401582180,3401582180,"Woodbury Heights borough, Gloucester County, New Jersey",3008,2406
Woodcliff Lake Borough,3400382300,3.54,0600000US3400382300,3400382300,"Woodcliff Lake borough, Bergen County, New Jersey",5868,1658
Woodland Park Borough,3403182423,3.07,0600000US3403182423,3403182423,"Woodland Park borough, Passaic County, New Jersey",12542,4085
Woodland Township,3400582420,94.43,0600000US3400582420,3400582420,"Woodland township, Burlington County, New Jersey",1510,16
Woodlynne Borough,3400782450,0.22,0600000US3400782450,3400782450,"Woodlynne borough, Camden County, New Jersey",2950,13409
Woodstown Borough,3403382720,1.61,0600000US3403382720,3403382720,"Woodstown borough, Salem County, New Jersey",3501,2175
Woolwich Township,3401582840,21.38,0600000US3401582840,3401582840,"Woolwich township, Gloucester County, New Jersey",12172,569
Wrightstown Borough,3400582960,1.78,0600000US3400582960,3400582960,"Wrightstown borough, Burlington County, New Jersey",708,398
Wyckoff Township,3400383050,6.64,0600000US3400383050,3400383050,"Wyckoff township, Bergen County, New Jersey",17231,2595
